{
  "project_info": {
    "project_number": "177465540548",
    "firebase_url": "https://tppa-sport-scores.firebaseio.com",
    "project_id": "tppa-sport-scores",
    "storage_bucket": "tppa-sport-scores.appspot.com"
  },
  "client": [
    {
      "client_info": {
        "mobilesdk_app_id": "1:177465540548:android:c10149ddfd92fdc9",
        "android_client_info": {
          "package_name": "ro.uaic.info.tppa.sportscores"
        }
      },
      "oauth_client": [
        {
          "client_id": "177465540548-bgn2lur75a23nn421cegiomuoisehig2.apps.googleusercontent.com",
          "client_type": 3
        }
      ],
      "api_key": [
        {
          "current_key": "AIzaSyC7h2jfrKVcYpDLg0cWo_1E5SHanUQSj4E"
        }
      ],
      "services": {
        "analytics_service": {
          "status": 1
        },
        "appinvite_service": {
          "status": 1,
          "other_platform_oauth_client": []
        },
        "ads_service": {
          "status": 2
        }
      }
    }
  ],
  "configuration_version": "1"
}