{"v":"5.1.6","fr":30,"ip":0,"op":76,"w":246,"h":290,"nm":"Looking for a Partner","ddd":0,"assets":[{"id":"comp_0","layers":[{"ddd":0,"ind":1,"ty":3,"nm":"Null 1","sr":1,"ks":{"o":{"a":0,"k":0,"ix":11},"r":{"a":0,"k":0,"ix":10},"p":{"a":0,"k":[538.23,808.5,0],"ix":2},"a":{"a":0,"k":[48.23,50,0],"ix":1},"s":{"a":0,"k":[93,93,100],"ix":6}},"ao":0,"ip":0,"op":76,"st":0,"bm":0},{"ddd":0,"ind":3,"ty":4,"nm":"Mask","parent":1,"td":1,"sr":1,"ks":{"o":{"a":0,"k":100,"ix":11},"r":{"a":0,"k":0,"ix":10},"p":{"a":0,"k":[54.301,191.5,0],"ix":2},"a":{"a":0,"k":[0,0,0],"ix":1},"s":{"a":0,"k":[100,100,100],"ix":6}},"ao":0,"shapes":[{"ty":"gr","it":[{"ind":0,"ty":"sh","ix":1,"ks":{"a":0,"k":{"i":[[24.852,8.45],[0,-0.75],[4.9,-2.156],[-2.478,-3.57],[-2.148,0.393],[0,-0.48],[0,0],[0,0],[-7.66,-0.372],[0,0],[0,0]],"o":[[-25,-8.5],[0,0.042],[-1.947,0.857],[1.386,1.996],[3.796,-0.695],[0.003,18.042],[0,0],[0,0],[7.66,0.372],[0,0],[0,0]],"v":[[40.5,-206.75],[-5.262,-208.968],[-14.847,-206.011],[-18.995,-198.201],[-7.128,-197.001],[-7.062,-191.769],[-7,-149.987],[61.826,-150.185],[67.339,-138.377],[74.998,-150.224],[79.5,-150.237]],"c":true},"ix":2},"nm":"Path 1","mn":"ADBE Vector Shape - Group","hd":false},{"ty":"st","c":{"a":0,"k":[0.75631127451,0.121927381029,0.121927381029,1],"ix":3},"o":{"a":0,"k":100,"ix":4},"w":{"a":0,"k":3,"ix":5},"lc":1,"lj":1,"ml":4,"nm":"Stroke 1","mn":"ADBE Vector Graphic - Stroke","hd":false},{"ty":"fl","c":{"a":0,"k":[0.247059003045,0.823528992896,0.603921987496,1],"ix":4},"o":{"a":0,"k":100,"ix":5},"r":1,"nm":"Fill 1","mn":"ADBE Vector Graphic - Fill","hd":false},{"ty":"tr","p":{"a":0,"k":[0,0],"ix":2},"a":{"a":0,"k":[0,0],"ix":1},"s":{"a":0,"k":[100,100],"ix":3},"r":{"a":0,"k":0,"ix":6},"o":{"a":0,"k":100,"ix":7},"sk":{"a":0,"k":0,"ix":4},"sa":{"a":0,"k":0,"ix":5},"nm":"Transform"}],"nm":"Shape 1","np":3,"cix":2,"ix":1,"mn":"ADBE Vector Group","hd":false}],"ip":0,"op":76,"st":0,"bm":0},{"ddd":0,"ind":4,"ty":4,"nm":"Body","parent":1,"tt":1,"sr":1,"ks":{"o":{"a":0,"k":100,"ix":11},"r":{"a":0,"k":0,"ix":10},"p":{"a":0,"k":[57.33,54.355,0],"ix":2},"a":{"a":0,"k":[-13.326,51.599,0],"ix":1},"s":{"a":0,"k":[256,256,100],"ix":6}},"ao":0,"shapes":[{"ty":"gr","it":[{"ind":0,"ty":"sh","ix":1,"ks":{"a":0,"k":{"i":[[0,13.482],[13.482,0],[0,-13.482],[-13.482,0]],"o":[[0,-13.482],[-13.482,0],[0,13.482],[13.482,0]],"v":[[23.989,-1.12],[-0.423,-25.533],[-24.836,-1.12],[-0.423,23.292]],"c":true},"ix":2},"nm":"Path 1","mn":"ADBE Vector Shape - Group","hd":false},{"ty":"st","c":{"a":0,"k":[1,1,1,1],"ix":3},"o":{"a":0,"k":100,"ix":4},"w":{"a":0,"k":3,"ix":5},"lc":2,"lj":2,"d":[{"n":"d","nm":"dash","v":{"a":0,"k":7,"ix":1}},{"n":"o","nm":"offset","v":{"a":0,"k":18,"ix":7}}],"nm":"Stroke 1","mn":"ADBE Vector Graphic - Stroke","hd":false},{"ty":"tr","p":{"a":0,"k":[-12.659,50.48],"ix":2},"a":{"a":0,"k":[-0.331,-1.32],"ix":1},"s":{"a":0,"k":[100,100],"ix":3},"r":{"a":1,"k":[{"i":{"x":[0.833],"y":[0.833]},"o":{"x":[0.167],"y":[0.167]},"n":["0p833_0p833_0p167_0p167"],"t":0,"s":[0],"e":[360]},{"t":75}],"ix":6},"o":{"a":0,"k":100,"ix":7},"sk":{"a":0,"k":0,"ix":4},"sa":{"a":0,"k":0,"ix":5},"nm":"Transform"}],"nm":"Shape 1","np":3,"cix":2,"ix":1,"mn":"ADBE Vector Group","hd":false}],"ip":0,"op":76,"st":0,"bm":0},{"ddd":0,"ind":5,"ty":4,"nm":"Shape Layer 1","sr":1,"ks":{"o":{"a":0,"k":100,"ix":11},"r":{"a":0,"k":0,"ix":10},"p":{"a":0,"k":[558.076,712.07,0],"ix":2},"a":{"a":0,"k":[-13.924,52.07,0],"ix":1},"s":{"a":0,"k":[100,100,100],"ix":6}},"ao":0,"shapes":[{"ty":"gr","it":[{"ind":0,"ty":"sh","ix":1,"ks":{"a":0,"k":{"i":[[5.682,6.819],[2.526,0.281],[3.792,-8.369],[-7.568,-5.209],[-10.629,2.499],[-2.638,5.801]],"o":[[-4.249,-5.099],[-10.228,-1.136],[-3.792,8.369],[7.875,5.42],[3.013,-0.708],[2.514,-5.529]],"v":[[18.747,-14.206],[1.7,-22.161],[-20.637,-8.218],[-14.971,17.378],[10.056,20.798],[21.914,10.643]],"c":true},"ix":2},"nm":"Path 1","mn":"ADBE Vector Shape - Group","hd":false},{"ty":"st","c":{"a":0,"k":[1,1,1,1],"ix":3},"o":{"a":0,"k":100,"ix":4},"w":{"a":0,"k":7,"ix":5},"lc":2,"lj":2,"d":[{"n":"d","nm":"dash","v":{"a":0,"k":15,"ix":1}},{"n":"o","nm":"offset","v":{"a":0,"k":18,"ix":7}}],"nm":"Stroke 1","mn":"ADBE Vector Graphic - Stroke","hd":false},{"ind":3,"ty":"sh","ix":4,"ks":{"a":0,"k":{"i":[[-4.249,-5.099],[2.514,-5.529],[3.013,-0.708],[7.875,5.42],[-3.792,8.369],[-10.228,-1.136]],"o":[[5.682,6.819],[-2.638,5.801],[-10.629,2.499],[-7.568,-5.209],[3.792,-8.369],[2.526,0.281]],"v":[[18.747,-14.206],[21.914,10.643],[10.056,20.798],[-14.971,17.378],[-20.637,-8.218],[1.7,-22.161]],"c":true},"ix":2},"nm":"Path 2","mn":"ADBE Vector Shape - Group","hd":false},{"ty":"tr","p":{"a":0,"k":[-14.418,52.092],"ix":2},"a":{"a":0,"k":[0,0],"ix":1},"s":{"a":0,"k":[100,100],"ix":3},"r":{"a":1,"k":[{"i":{"x":[0.833],"y":[0.833]},"o":{"x":[0.167],"y":[0.167]},"n":["0p833_0p833_0p167_0p167"],"t":0,"s":[0],"e":[360]},{"t":75}],"ix":6},"o":{"a":0,"k":100,"ix":7},"sk":{"a":0,"k":0,"ix":4},"sa":{"a":0,"k":0,"ix":5},"nm":"Transform"}],"nm":"Shape 1","np":4,"cix":2,"ix":1,"mn":"ADBE Vector Group","hd":false}],"ip":0,"op":76,"st":0,"bm":0},{"ddd":0,"ind":6,"ty":4,"nm":"illustration Outlines","sr":1,"ks":{"o":{"a":0,"k":100,"ix":11},"r":{"a":0,"k":0,"ix":10},"p":{"a":0,"k":[482.101,747.651,0],"ix":2},"a":{"a":0,"k":[68.335,77.614,0],"ix":1},"s":{"a":0,"k":[100,100,100],"ix":6}},"ao":0,"shapes":[{"ty":"gr","it":[{"ind":0,"ty":"sh","ix":1,"ks":{"a":0,"k":{"i":[[0,0],[-7.296,7.494],[-11.704,1.95],[-11.364,-4.546],[1.662,-24.697]],"o":[[0,-12.501],[5.04,-5.178],[13.637,-2.273],[22.983,9.193],[0,0]],"v":[[-50.835,29.054],[-39.47,-12.008],[-11.059,-26.781],[23.034,-23.372],[49.173,29.054]],"c":false},"ix":2},"nm":"Path 1","mn":"ADBE Vector Shape - Group","hd":false},{"ty":"st","c":{"a":0,"k":[1,1,1,1],"ix":3},"o":{"a":0,"k":100,"ix":4},"w":{"a":0,"k":7,"ix":5},"lc":2,"lj":2,"nm":"Stroke 1","mn":"ADBE Vector Graphic - Stroke","hd":false},{"ty":"tr","p":{"a":0,"k":[68.335,108.673],"ix":2},"a":{"a":0,"k":[0,0],"ix":1},"s":{"a":0,"k":[100,100],"ix":3},"r":{"a":0,"k":0,"ix":6},"o":{"a":0,"k":100,"ix":7},"sk":{"a":0,"k":0,"ix":4},"sa":{"a":0,"k":0,"ix":5},"nm":"Transform"}],"nm":"Group 1","np":2,"cix":2,"ix":1,"mn":"ADBE Vector Group","hd":false},{"ty":"gr","it":[{"ind":0,"ty":"sh","ix":1,"ks":{"a":0,"k":{"i":[[-3.961,-5.326],[2.515,-5.529],[3.013,-0.709],[7.875,5.42],[-3.791,8.368],[-13.601,-1.887]],"o":[[5.727,7.698],[-2.637,5.801],[-10.63,2.498],[-7.569,-5.21],[3.792,-8.37],[2.517,0.349]],"v":[[17.61,-15.285],[21.914,10.7],[11.193,20.856],[-13.834,18.571],[-20.638,-8.16],[6.245,-22.104]],"c":true},"ix":2},"nm":"Path 1","mn":"ADBE Vector Shape - Group","hd":false},{"ty":"st","c":{"a":0,"k":[1,1,1,1],"ix":3},"o":{"a":0,"k":100,"ix":4},"w":{"a":0,"k":7,"ix":5},"lc":2,"lj":2,"nm":"Stroke 1","mn":"ADBE Vector Graphic - Stroke","hd":false},{"ty":"tr","p":{"a":0,"k":[64.667,41.491],"ix":2},"a":{"a":0,"k":[0,0],"ix":1},"s":{"a":0,"k":[100,100],"ix":3},"r":{"a":0,"k":0,"ix":6},"o":{"a":0,"k":100,"ix":7},"sk":{"a":0,"k":0,"ix":4},"sa":{"a":0,"k":0,"ix":5},"nm":"Transform"}],"nm":"Group 2","np":2,"cix":2,"ix":2,"mn":"ADBE Vector Group","hd":false}],"ip":0,"op":76,"st":0,"bm":0}]}],"layers":[{"ddd":0,"ind":1,"ty":0,"nm":"Looking for partner_02","refId":"comp_0","sr":1,"ks":{"o":{"a":0,"k":100,"ix":11},"r":{"a":0,"k":0,"ix":10},"p":{"a":0,"k":[148,425.75,0],"ix":2},"a":{"a":0,"k":[540,960,0],"ix":1},"s":{"a":0,"k":[100,100,100],"ix":6}},"ao":0,"w":1080,"h":1920,"ip":0,"op":76,"st":0,"bm":0}],"markers":[]}