<?xml version="1.0" encoding="utf-8"?>
<appengine-web-app xmlns="http://appengine.google.com/ns/1.0">
    <application>prasilabs-dropme</application>
    <version>2</version>
    <threadsafe>true</threadsafe>

    <system-properties>
        <property name="java.util.logging.config.file" value="WEB-INF/logging.properties"/>
    </system-properties>
    <resource-files>
        <include path="/resources/*" />
    </resource-files>

    <inbound-services>
        <service>xmpp_message</service>
        <service>xmpp_presence</service>
        <service>xmpp_subscribe</service>
        <service>xmpp_error</service>
    </inbound-services>

</appengine-web-app>