<?xml version="1.0" encoding="UTF-8"?>
<lint>
    <issue id="ObsoleteSdkInt" severity="error" />

    <!-- since those values are copied into the source-code anyway, I don't care -->
    <issue id="InlinedApi" severity="informational" />

    <issue id="InflateParams" severity="error">
        <ignore path="src/main/java/com/anysoftkeyboard/ime/AnySoftKeyboardBase.java" />
    </issue>

    <issue id="GradleDependency" severity="warning" />

    <issue id="InvalidPackage" severity="ignore" />

    <issue id="Typos" severity="error">
        <!-- ignoring translations from crowdin -->
        <ignore path="src/main/res/values-*/strings.xml" />
    </issue>

    <issue id="TypographyEllipsis" severity="error" >
        <!-- ignoring translations from crowdin -->
        <ignore path="src/main/res/values-*/strings.xml" />
    </issue>

    <issue id="UnusedResources" severity="error"/>
</lint>