{
  "project_info": {
    "project_id": "task-assignments",
    "project_number": "352679909753",
    "name": "Task Assignments"
  },
  "client": [
    {
      "client_info": {
        "mobilesdk_app_id": "1:352679909753:android:22be08c668663d31",
        "client_id": "android:com.example.ishita.assigntasks",
        "client_type": 1,
        "android_client_info": {
          "package_name": "com.example.ishita.assigntasks"
        }
      },
      "oauth_client": [],
      "api_key": [],
      "services": {
        "analytics_service": {
          "status": 1
        },
        "cloud_messaging_service": {
          "status": 2,
          "apns_config": []
        },
        "appinvite_service": {
          "status": 1,
          "other_platform_oauth_client": []
        },
        "google_signin_service": {
          "status": 1
        },
        "ads_service": {
          "status": 1
        }
      }
    }
  ],
  "client_info": [],
  "ARTIFACT_VERSION": "1"
}