<?xml version="1.0" encoding="UTF-8"?><!--This is CPU Cap xml file.-->
<CapData>
	<item>
		<Core>1</Core>
		<Neon>0</Neon>
		<Frequency>600000</Frequency>
		<CodecType>5</CodecType>	
		<BitRate>300000</BitRate>
		<VideoWidth>320</VideoWidth>
		<VideoHeight>240</VideoHeight>
		<ProfileLevel>0</ProfileLevel>
		<FPS>30</FPS>
	</item>
	<item>
		<Core>1</Core>
		<Neon>0</Neon>
		<Frequency>1200000</Frequency>
		<CodecType>5</CodecType>	
		<BitRate>500000</BitRate>
		<VideoWidth>480</VideoWidth>
		<VideoHeight>320</VideoHeight>
		<ProfileLevel>0</ProfileLevel>
		<FPS>30</FPS>
	</item>
	
	<item>
		<Core>1</Core>
		<Neon>1</Neon>
		<Frequency>1000000</Frequency>
		<CodecType>5</CodecType>	
		<BitRate>800000</BitRate>
		<VideoWidth>640</VideoWidth>
		<VideoHeight>480</VideoHeight>
		<ProfileLevel>0</ProfileLevel>
		<FPS>30</FPS>
	</item>
	<item>
		<Core>1</Core>
		<Neon>1</Neon>
		<Frequency>1500000</Frequency>
		<CodecType>5</CodecType>	
		<BitRate>1000000</BitRate>
		<VideoWidth>640</VideoWidth>
		<VideoHeight>480</VideoHeight>
		<ProfileLevel>0</ProfileLevel>
		<FPS>30</FPS>
	</item>
	
	<item>
		<Core>2</Core>
		<Neon>0</Neon>
		<Frequency>1000000</Frequency>
		<CodecType>5</CodecType>	
		<BitRate>1200000</BitRate>
		<VideoWidth>640</VideoWidth>
		<VideoHeight>480</VideoHeight>
		<ProfileLevel>0</ProfileLevel>
		<FPS>30</FPS>
	</item>
	<item>
		<Core>2</Core>
		<Neon>0</Neon>
		<Frequency>1500000</Frequency>
		<CodecType>5</CodecType>	
		<BitRate>1500000</BitRate>
		<VideoWidth>640</VideoWidth>
		<VideoHeight>480</VideoHeight>
		<ProfileLevel>0</ProfileLevel>
		<FPS>30</FPS>
	</item>
	
	<item>
		<Core>2</Core>
		<Neon>1</Neon>
		<Frequency>800000</Frequency>
		<CodecType>5</CodecType>	
		<BitRate>1400000</BitRate>
		<VideoWidth>640</VideoWidth>
		<VideoHeight>480</VideoHeight>
		<ProfileLevel>0</ProfileLevel>
		<FPS>30</FPS>
	</item>
	<item>
		<Core>2</Core>
		<Neon>1</Neon>
		<Frequency>1000000</Frequency>
		<CodecType>5</CodecType>	
		<BitRate>1600000</BitRate>
		<VideoWidth>640</VideoWidth>
		<VideoHeight>480</VideoHeight>
		<ProfileLevel>0</ProfileLevel>
		<FPS>30</FPS>
	</item>
	<item>
		<Core>2</Core>
		<Neon>1</Neon>
		<Frequency>1200000</Frequency>
		<CodecType>5</CodecType>	
		<BitRate>1800000</BitRate>
		<VideoWidth>640</VideoWidth>
		<VideoHeight>480</VideoHeight>
		<ProfileLevel>0</ProfileLevel>
		<FPS>30</FPS>
	</item>
	<item>
		<Core>2</Core>
		<Neon>1</Neon>
		<Frequency>1800000</Frequency>
		<CodecType>5</CodecType>	
		<BitRate>2000000</BitRate>
		<VideoWidth>640</VideoWidth>
		<VideoHeight>480</VideoHeight>
		<ProfileLevel>0</ProfileLevel>
		<FPS>30</FPS>
	</item>
	
	<item>
		<Core>4</Core>
		<Neon>1</Neon>
		<Frequency>1000000</Frequency>
		<CodecType>5</CodecType>	
		<BitRate>1800000</BitRate>
		<VideoWidth>640</VideoWidth>
		<VideoHeight>480</VideoHeight>
		<ProfileLevel>0</ProfileLevel>
		<FPS>30</FPS>
	</item>
	
	<item>
		<Core>4</Core>
		<Neon>1</Neon>
		<Frequency>1500000</Frequency>
		<CodecType>5</CodecType>	
		<BitRate>2000000</BitRate>
		<VideoWidth>640</VideoWidth>
		<VideoHeight>480</VideoHeight>
		<ProfileLevel>0</ProfileLevel>
		<FPS>30</FPS>
	</item>
	
	<item>
		<Core>4</Core>
		<Neon>1</Neon>
		<Frequency>2000000</Frequency>
		<CodecType>5</CodecType>	
		<BitRate>2500000</BitRate>
		<VideoWidth>640</VideoWidth>
		<VideoHeight>480</VideoHeight>
		<ProfileLevel>0</ProfileLevel>
		<FPS>30</FPS>
	</item>
</CapData>