<?xml version="1.0" encoding="UTF-8" standalone="no"?>
<ruleset xmlns="http://pmd.sf.net/ruleset/1.0.0" name="ruleset"
         xmlns:xsi="http://www.w3.org/2001/XMLSchema-instance"
         xsi:noNamespaceSchemaLocation="http://pmd.sf.net/ruleset_xml_schema.xsd"
         xsi:schemaLocation="http://pmd.sf.net/ruleset/1.0.0 http://pmd.sf.net/ruleset_xml_schema.xsd">
    <description>My very own special PMD ruleset.</description>
    <rule ref="rulesets/typeresolution.xml" />
    <rule ref="rulesets/braces.xml" />
    <rule ref="rulesets/design.xml">
        <exclude name="TooFewBranchesForASwitchStatement"/>
    </rule>
    <rule ref="rulesets/strictexception.xml" />
    <rule ref="rulesets/unusedcode.xml" />
    <rule ref="rulesets/logging-java.xml" />
    <rule ref="rulesets/strings.xml" />
    <rule ref="rulesets/migrating.xml" />
    <rule ref="rulesets/j2ee.xml" />
    <rule ref="rulesets/optimizations.xml" />
    <rule ref="rulesets/basic.xml" />
    <rule ref="rulesets/sunsecure.xml" />
    <rule ref="rulesets/coupling.xml" />
    <rule ref="rulesets/imports.xml" />
    <rule ref="rulesets/junit.xml" />
    <rule ref="rulesets/controversial.xml" />
    <rule ref="rulesets/naming.xml">
        <exclude name="LongVariable" />
        <exclude name="ShortVariable" />
    </rule>
    <rule ref="rulesets/codesize.xml" />
    <rule ref="rulesets/finalizers.xml" />
    <rule ref="rulesets/logging-jakarta-commons.xml" />
    <rule ref="rulesets/clone.xml" />
    <rule ref="rulesets/android.xml">
        <exclude name="ProtectLogD" />
        <exclude name="ProtectLogV" />
    </rule>
</ruleset>