{
  "content": {
    "title": "REGULAR STREAM",
    "duration": 597,
    "description": "REGULAR STREAM",
    "captions": {},
    "posterImages": [
      {
        "url": "https://www.flyingduchess.com/wp-content/uploads/2013/09/535804-1680x1050-e1380228899264.jpg"
      }
    ],
    "streams": [
      {
        "delivery_type": "hls",
        "url": "http://player.ooyala.com/player/all/l1MzhtNTE6eOf81reieCvXoynnA7TUdp.m3u8?secure_ios_token=cDV4ZnhVWmFGRXkvTUxGU254RW1QRkRiZXluTWdhMURIdWgyTzgzc2kyaG9UanhCVjJKTmN4SFJUd0N1Cmc3L0NKcHlJMFpGOFNpcEdSNDkwTHdRL2l3PT0K"
      }
    ]
  },
  "highAvailability": {
    "enabled": false
  }
}