{
  "content": {
    "title": "Test 2",
    "duration": 597,
    "description": "Test 2 description",
    "captions": {},
    "posterImages": [
      {
        "url": "https://www.flyingduchess.com/wp-content/uploads/2013/09/535804-1680x1050-e1380228899264.jpg"
      }
    ],
    "streams": [
      {
        "delivery_type": "hls",
        "url": "https://player.ooyala.com/player/all/5kbmU5MzE6ivgWkobhscmQwGuD7fyNIa.m3u8?ssl=true&secure_ios_token=VlJHM3Zkb3hXM004M3FHRUJZTHB5ZU5yNUtaZDRsa2VWanpoR0NXby9IWVp3RllkTXhDSG5pNU9Eb2ZBCmJWUnE4WmM3S08zRll2R25qZ0ZEUk9oZjBnPT0K"
      }
    ]
  },
  "highAvailability": {
    "enabled": false
  }
}
