<?xml version="1.0" encoding="UTF-8"?>
<!--
  ~ Copyright (c) 2016 Ha Duy Trung
  ~
  ~ Licensed under the Apache License, Version 2.0 (the "License");
  ~ you may not use this file except in compliance with the License.
  ~ You may obtain a copy of the License at
  ~
  ~     http://www.apache.org/licenses/LICENSE-2.0
  ~
  ~ Unless required by applicable law or agreed to in writing, software
  ~ distributed under the License is distributed on an "AS IS" BASIS,
  ~ WITHOUT WARRANTIES OR CONDITIONS OF ANY KIND, either express or implied.
  ~ See the License for the specific language governing permissions and
  ~ limitations under the License.
  -->

<lint>
    <issue id="AnimatorKeep">
        <ignore regexp="setMaxLines" />
    </issue>
    <issue id="NewApi">
        <ignore regexp="android.webkit.WebView.FindListener" />
    </issue>
    <issue id="MissingTranslation" severity="ignore" />
    <issue id="Overdraw" severity="informational" /> <!-- TODO http://b.android.com/169879 -->
    <issue id="IconLauncherShape" severity="informational" />
    <issue id="ResourceType" severity="ignore" />    <!-- TODO http://b.android.com/201882 -->
    <issue id="RestrictedApi" severity="ignore" /> <!-- TODO http://b.android.com/230387 -->
    <issue id="ClickableViewAccessibility" severity="informational" />
    <issue id="OldTargetApi" severity="informational" />
</lint>