<?xml version="1.0" encoding="UTF-8" standalone="no"?>

<!DOCTYPE module PUBLIC
    "-//Puppy Crawl//DTD Check Configuration 1.2//EN"
    "http://www.puppycrawl.com/dtds/configuration_1_2.dtd">

<!--
Checkstyle Configuration
Severity: HARD
-->
<module name="Checker">

    <!-- Checks whether files end with a new line.                        -->
    <!-- See http://checkstyle.sourceforge.net/config_misc.html#NewlineAtEndOfFile -->
    <module name="NewlineAtEndOfFile">
        <property name="severity" value="ignore" />
    </module>

    <!-- Checks that property files contain the same keys.         -->
    <!-- See http://checkstyle.sourceforge.net/config_misc.html#Translation -->
    <module name="Translation" />

    <!-- Checks for Size Violations.                    -->
    <!-- See http://checkstyle.sourceforge.net/config_sizes.html -->
    <module name="FileLength" />

    <!-- Checks for whitespace                               -->
    <!-- See http://checkstyle.sourceforge.net/config_whitespace.html -->
    <module name="FileTabCharacter" />

    <!-- Miscellaneous other checks.                   -->
    <!-- See http://checkstyle.sourceforge.net/config_misc.html -->
    <module name="RegexpSingleline">
        <property name="format" value="\s+$" />
        <property name="minimum" value="0" />
        <property name="maximum" value="0" />
        <property name="message" value="Line has trailing spaces." />
        <property name="severity" value="info" />
    </module>

    <module name="TreeWalker">

        <!-- Checks for Javadoc comments.                     -->
        <!-- See http://checkstyle.sourceforge.net/config_javadoc.html -->
        <module name="JavadocMethod">
            <property name="scope" value="package" />
            <property name="allowMissingParamTags" value="true" />
            <property name="allowMissingThrowsTags" value="true" />
            <property name="allowMissingReturnTag" value="true" />
            <property name="allowThrowsTagsForSubclasses" value="true" />
            <property name="allowUndeclaredRTE" value="true" />
            <property name="allowMissingPropertyJavadoc" value="true" />
            <property name="severity" value="ignore" />
        </module>
        <module name="JavadocType">
            <property name="scope" value="package" />
            <property name="severity" value="ignore" />
        </module>
        <module name="JavadocVariable">
            <property name="scope" value="package" />
            <property name="severity" value="ignore" />
        </module>
        <module name="JavadocStyle">
            <property name="checkEmptyJavadoc" value="true" />
            <property name="severity" value="ignore" />
        </module>

        <!-- Checks for Naming Conventions.                  -->
        <!-- See http://checkstyle.sourceforge.net/config_naming.html -->
        <module name="ConstantName" />
        <module name="LocalFinalVariableName" />
        <module name="LocalVariableName" />
        <module name="MemberName" />
        <module name="MethodName" />
        <module name="PackageName" />
        <module name="ParameterName" />
        <module name="StaticVariableName" />
        <module name="TypeName" />

        <!-- Checks for imports                              -->
        <!-- See http://checkstyle.sourceforge.net/config_import.html -->
        <module name="AvoidStarImport" />
        <module name="IllegalImport" />
        <!-- defaults to sun.* packages -->
        <module name="RedundantImport" />
        <module name="UnusedImports" />


        <!-- Checks for Size Violations.                    -->
        <!-- See http://checkstyle.sourceforge.net/config_sizes.html -->
        <module name="LineLength">
            <!-- what is a good max value? -->
            <property name="max" value="150" />
            <!-- ignore lines like "$File: //depot/... $" -->
            <property name="ignorePattern" value="\$File.*\$" />
            <property name="severity" value="info" />
        </module>
        <module name="MethodLength" />
        <module name="ParameterNumber" />


        <!-- Checks for whitespace                               -->
        <!-- See http://checkstyle.sourceforge.net/config_whitespace.html -->
        <module name="EmptyForIteratorPad" />
        <module name="GenericWhitespace" />
        <module name="MethodParamPad" />
        <module name="NoWhitespaceAfter">
            <property name="tokens" value="INC, DEC, UNARY_MINUS, UNARY_PLUS, BNOT, LNOT, DOT, ARRAY_DECLARATOR, INDEX_OP" />
        </module>
        <module name="NoWhitespaceBefore" />
        <module name="OperatorWrap">
            <property name="option" value="eol"/>
        </module>
        <module name="ParenPad" />
        <module name="TypecastParenPad" />
        <module name="WhitespaceAfter" />
        <module name="WhitespaceAround" />

        <!-- Modifier Checks                                    -->
        <!-- See http://checkstyle.sourceforge.net/config_modifiers.html -->
        <module name="ModifierOrder" />
        <module name="RedundantModifier" />


        <!-- Checks for blocks. You know, those {}'s         -->
        <!-- See http://checkstyle.sourceforge.net/config_blocks.html -->
        <module name="AvoidNestedBlocks" />
        <module name="EmptyBlock">
            <property name="option" value="text" />
        </module>
        <module name="LeftCurly" />
        <module name="NeedBraces">
            <!-- cannot initialize module TreeWalker - Property 'allowSingleLineIf' in module NeedBraces does not exist, please check the documentation -->
            <!-- u wot m8 -->
            <!--<property name="allowSingleLineIf" value="TRUE" />-->
            <property name="severity" value="ignore" />
        </module>
        <module name="RightCurly" />


        <!-- Checks for common coding problems               -->
        <!-- See http://checkstyle.sourceforge.net/config_coding.html -->
        <module name="EmptyStatement" />
        <module name="EqualsHashCode">
            <property name="severity" value="ignore" />
        </module>
        <module name="HiddenField">
            <property name="severity" value="ignore" />
        </module>
        <module name="IllegalInstantiation" />
        <module name="InnerAssignment" />
        <module name="MagicNumber">
            <property name="severity" value="ignore" />
        </module>
        <module name="MissingSwitchDefault">
            <property name="severity" value="ignore" />
        </module>
        <module name="SimplifyBooleanExpression" />
        <module name="SimplifyBooleanReturn" />

        <!-- Checks for class design                         -->
        <!-- See http://checkstyle.sourceforge.net/config_design.html -->
        <module name="FinalClass" />
        <module name="HideUtilityClassConstructor" />
        <module name="InterfaceIsType" />
        <module name="VisibilityModifier">
            <property name="severity" value="ignore" />
        </module>


        <!-- Miscellaneous other checks.                   -->
        <!-- See http://checkstyle.sourceforge.net/config_misc.html -->
        <module name="ArrayTypeStyle" />
        <module name="TodoComment">
            <property name="format" value="(?i)\s+TODO\s+" />
            <property name="severity" value="info" />
        </module>
        <module name="TodoComment">
            <property name="format" value="(?i)\s+CR\s+" />
            <property name="severity" value="info" />
        </module>
        <module name="UpperEll" />

    </module>

    <!-- Enable suppression comments -->
    <module name="SuppressionCommentFilter">
        <property name="offCommentFormat" value="CHECKSTYLE IGNORE\s+(\S+)" />
        <property name="onCommentFormat" value="CHECKSTYLE END IGNORE\s+(\S+)" />
        <property name="checkFormat" value="$1" />
    </module>
    <module name="SuppressWithNearbyCommentFilter">
        <property name="commentFormat" value="SUPPRESS CHECKSTYLE (\w+)" />
        <property name="checkFormat" value="$1" />
        <property name="influenceFormat" value="1" />
    </module>

</module>
